[{"uid":"74f50aa1e4f34b4c","name":"test_max_locid_from_locations","time":{"start":1691658187063,"stop":1691658187064,"duration":1},"status":"passed","severity":"normal"},{"uid":"bb0a00ba9fd7e0af","name":"test_postalcode_from_locations_for_null","time":{"start":1691658187065,"stop":1691658187066,"duration":1},"status":"failed","severity":"normal"},{"uid":"44def02313f03f04","name":"test_max_locid_from_locations","time":{"start":1691711828678,"stop":1691711828679,"duration":1},"status":"passed","severity":"normal"},{"uid":"6cb0debcba6b7e7a","name":"test_hiredate_from_employees","time":{"start":1691658187061,"stop":1691658187062,"duration":1},"status":"passed","severity":"normal"},{"uid":"e5a886e6974aae98","name":"test_countries_duplicates","time":{"start":1691711828647,"stop":1691711828666,"duration":19},"status":"passed","severity":"normal"},{"uid":"7deb935e32cbff0c","name":"test_countries_rows_amount","time":{"start":1691658187054,"stop":1691658187057,"duration":3},"status":"passed","severity":"normal"},{"uid":"b4a52cc70c8955f2","name":"test_hiredate_from_employees","time":{"start":1691711828677,"stop":1691711828677,"duration":0},"status":"passed","severity":"normal"},{"uid":"6961e16446f23aa6","name":"test_avg_salary_from_employees","time":{"start":1691711828675,"stop":1691711828676,"duration":1},"status":"passed","severity":"normal"},{"uid":"eb515339ffb9d52c","name":"test_countries_duplicates","time":{"start":1691658187052,"stop":1691658187053,"duration":1},"status":"passed","severity":"normal"},{"uid":"8ffdf1e966e7c6ae","name":"test_postalcode_from_locations_for_null","time":{"start":1691711828680,"stop":1691711828681,"duration":1},"status":"failed","severity":"normal"},{"uid":"a9cfcb8ccce62b8","name":"test_avg_salary_from_employees","time":{"start":1691658187059,"stop":1691658187060,"duration":1},"status":"passed","severity":"normal"},{"uid":"3f60147cf2488c74","name":"test_countries_rows_amount","time":{"start":1691711828668,"stop":1691711828672,"duration":4},"status":"passed","severity":"normal"}]