{"uid":"4b4757e66a1912dae1a509f688f20b0f","name":"categories","children":[{"name":"Product defects","children":[{"name":"AssertionError: assert 1 == 0\n +  where 1 = len([(None,)])","children":[{"name":"test_postalcode_from_locations_for_null","uid":"bb0a00ba9fd7e0af","parentUid":"3924803a58eaea3719de83945605e48e","status":"failed","time":{"start":1691658187065,"stop":1691658187066,"duration":1},"flaky":false,"newFailed":false,"newPassed":false,"newBroken":false,"retriesCount":1,"retriesStatusChange":false,"parameters":[],"tags":[]},{"name":"test_postalcode_from_locations_for_null","uid":"8ffdf1e966e7c6ae","parentUid":"3924803a58eaea3719de83945605e48e","status":"failed","time":{"start":1691711828680,"stop":1691711828681,"duration":1},"flaky":false,"newFailed":false,"newPassed":false,"newBroken":false,"retriesCount":0,"retriesStatusChange":false,"parameters":[],"tags":[]}],"uid":"3924803a58eaea3719de83945605e48e"}],"uid":"8fb3a91ba5aaf9de24cc8a92edc82b5d"}]}