{"uid":"83edc06c07f9ae9e47eb6dd1b683e4e2","name":"packages","children":[{"name":"Tests","children":[{"name":"test_countries_duplicates","uid":"eb515339ffb9d52c","parentUid":"fc39173c9dc08e281c680147b63fcad9","status":"passed","time":{"start":1691658187052,"stop":1691658187053,"duration":1},"flaky":false,"newFailed":false,"newPassed":false,"newBroken":false,"retriesCount":1,"retriesStatusChange":false,"parameters":[],"tags":[]},{"name":"test_countries_rows_amount","uid":"7deb935e32cbff0c","parentUid":"fc39173c9dc08e281c680147b63fcad9","status":"passed","time":{"start":1691658187054,"stop":1691658187057,"duration":3},"flaky":false,"newFailed":false,"newPassed":false,"newBroken":false,"retriesCount":1,"retriesStatusChange":false,"parameters":[],"tags":[]},{"name":"test_avg_salary_from_employees","uid":"a9cfcb8ccce62b8","parentUid":"fc39173c9dc08e281c680147b63fcad9","status":"passed","time":{"start":1691658187059,"stop":1691658187060,"duration":1},"flaky":false,"newFailed":false,"newPassed":false,"newBroken":false,"retriesCount":1,"retriesStatusChange":false,"parameters":[],"tags":[]},{"name":"test_hiredate_from_employees","uid":"6cb0debcba6b7e7a","parentUid":"fc39173c9dc08e281c680147b63fcad9","status":"passed","time":{"start":1691658187061,"stop":1691658187062,"duration":1},"flaky":false,"newFailed":false,"newPassed":false,"newBroken":false,"retriesCount":1,"retriesStatusChange":false,"parameters":[],"tags":[]},{"name":"test_max_locid_from_locations","uid":"74f50aa1e4f34b4c","parentUid":"fc39173c9dc08e281c680147b63fcad9","status":"passed","time":{"start":1691658187063,"stop":1691658187064,"duration":1},"flaky":false,"newFailed":false,"newPassed":false,"newBroken":false,"retriesCount":1,"retriesStatusChange":false,"parameters":[],"tags":[]},{"name":"test_postalcode_from_locations_for_null","uid":"bb0a00ba9fd7e0af","parentUid":"fc39173c9dc08e281c680147b63fcad9","status":"failed","time":{"start":1691658187065,"stop":1691658187066,"duration":1},"flaky":false,"newFailed":false,"newPassed":false,"newBroken":false,"retriesCount":1,"retriesStatusChange":false,"parameters":[],"tags":[]}],"uid":"fc39173c9dc08e281c680147b63fcad9"},{"name":"test_db","children":[{"name":"test_countries_duplicates","uid":"e5a886e6974aae98","parentUid":"52467a7ce1f337f211fb4161c556bded","status":"passed","time":{"start":1691711828647,"stop":1691711828666,"duration":19},"flaky":false,"newFailed":false,"newPassed":false,"newBroken":false,"retriesCount":0,"retriesStatusChange":false,"parameters":[],"tags":[]},{"name":"test_countries_rows_amount","uid":"3f60147cf2488c74","parentUid":"52467a7ce1f337f211fb4161c556bded","status":"passed","time":{"start":1691711828668,"stop":1691711828672,"duration":4},"flaky":false,"newFailed":false,"newPassed":false,"newBroken":false,"retriesCount":0,"retriesStatusChange":false,"parameters":[],"tags":[]},{"name":"test_avg_salary_from_employees","uid":"6961e16446f23aa6","parentUid":"52467a7ce1f337f211fb4161c556bded","status":"passed","time":{"start":1691711828675,"stop":1691711828676,"duration":1},"flaky":false,"newFailed":false,"newPassed":false,"newBroken":false,"retriesCount":0,"retriesStatusChange":false,"parameters":[],"tags":[]},{"name":"test_hiredate_from_employees","uid":"b4a52cc70c8955f2","parentUid":"52467a7ce1f337f211fb4161c556bded","status":"passed","time":{"start":1691711828677,"stop":1691711828677,"duration":0},"flaky":false,"newFailed":false,"newPassed":false,"newBroken":false,"retriesCount":0,"retriesStatusChange":false,"parameters":[],"tags":[]},{"name":"test_max_locid_from_locations","uid":"44def02313f03f04","parentUid":"52467a7ce1f337f211fb4161c556bded","status":"passed","time":{"start":1691711828678,"stop":1691711828679,"duration":1},"flaky":false,"newFailed":false,"newPassed":false,"newBroken":false,"retriesCount":0,"retriesStatusChange":false,"parameters":[],"tags":[]},{"name":"test_postalcode_from_locations_for_null","uid":"8ffdf1e966e7c6ae","parentUid":"52467a7ce1f337f211fb4161c556bded","status":"failed","time":{"start":1691711828680,"stop":1691711828681,"duration":1},"flaky":false,"newFailed":false,"newPassed":false,"newBroken":false,"retriesCount":0,"retriesStatusChange":false,"parameters":[],"tags":[]}],"uid":"52467a7ce1f337f211fb4161c556bded"}]}