"Status","Start Time","Stop Time","Duration in ms","Parent Suite","Suite","Sub Suite","Test Class","Test Method","Name","Description"
"passed","Fri Aug 11 01:57:08 CEST 2023","Fri Aug 11 01:57:08 CEST 2023","4","","test_db","TestCountries","","","test_countries_rows_amount",""
"passed","Fri Aug 11 01:57:08 CEST 2023","Fri Aug 11 01:57:08 CEST 2023","1","","test_db","TestEmployees","","","test_avg_salary_from_employees",""
"failed","Thu Aug 10 11:03:07 CEST 2023","Thu Aug 10 11:03:07 CEST 2023","1","","Tests","","","","test_postalcode_from_locations_for_null",""
"passed","Thu Aug 10 11:03:07 CEST 2023","Thu Aug 10 11:03:07 CEST 2023","1","","Tests","","","","test_avg_salary_from_employees",""
"failed","Fri Aug 11 01:57:08 CEST 2023","Fri Aug 11 01:57:08 CEST 2023","1","","test_db","TestLocations","","","test_postalcode_from_locations_for_null",""
"passed","Fri Aug 11 01:57:08 CEST 2023","Fri Aug 11 01:57:08 CEST 2023","0","","test_db","TestEmployees","","","test_hiredate_from_employees",""
"passed","Thu Aug 10 11:03:07 CEST 2023","Thu Aug 10 11:03:07 CEST 2023","1","","Tests","","","","test_max_locid_from_locations",""
"passed","Thu Aug 10 11:03:07 CEST 2023","Thu Aug 10 11:03:07 CEST 2023","1","","Tests","","","","test_hiredate_from_employees",""
"passed","Fri Aug 11 01:57:08 CEST 2023","Fri Aug 11 01:57:08 CEST 2023","19","","test_db","TestCountries","","","test_countries_duplicates",""
"passed","Thu Aug 10 11:03:07 CEST 2023","Thu Aug 10 11:03:07 CEST 2023","3","","Tests","","","","test_countries_rows_amount",""
"passed","Fri Aug 11 01:57:08 CEST 2023","Fri Aug 11 01:57:08 CEST 2023","1","","test_db","TestLocations","","","test_max_locid_from_locations",""
"passed","Thu Aug 10 11:03:07 CEST 2023","Thu Aug 10 11:03:07 CEST 2023","1","","Tests","","","","test_countries_duplicates",""
