{"uid":"98d3104e051c652961429bf95fa0b5d6","name":"suites","children":[{"name":"Tests","children":[{"name":"test_countries_duplicates","uid":"eb515339ffb9d52c","parentUid":"902c53be0755ed2c5e3076a8d5ce2e49","status":"passed","time":{"start":1691658187052,"stop":1691658187053,"duration":1},"flaky":false,"newFailed":false,"newPassed":false,"newBroken":false,"retriesCount":1,"retriesStatusChange":false,"parameters":[],"tags":[]},{"name":"test_countries_rows_amount","uid":"7deb935e32cbff0c","parentUid":"902c53be0755ed2c5e3076a8d5ce2e49","status":"passed","time":{"start":1691658187054,"stop":1691658187057,"duration":3},"flaky":false,"newFailed":false,"newPassed":false,"newBroken":false,"retriesCount":1,"retriesStatusChange":false,"parameters":[],"tags":[]},{"name":"test_avg_salary_from_employees","uid":"a9cfcb8ccce62b8","parentUid":"902c53be0755ed2c5e3076a8d5ce2e49","status":"passed","time":{"start":1691658187059,"stop":1691658187060,"duration":1},"flaky":false,"newFailed":false,"newPassed":false,"newBroken":false,"retriesCount":1,"retriesStatusChange":false,"parameters":[],"tags":[]},{"name":"test_hiredate_from_employees","uid":"6cb0debcba6b7e7a","parentUid":"902c53be0755ed2c5e3076a8d5ce2e49","status":"passed","time":{"start":1691658187061,"stop":1691658187062,"duration":1},"flaky":false,"newFailed":false,"newPassed":false,"newBroken":false,"retriesCount":1,"retriesStatusChange":false,"parameters":[],"tags":[]},{"name":"test_max_locid_from_locations","uid":"74f50aa1e4f34b4c","parentUid":"902c53be0755ed2c5e3076a8d5ce2e49","status":"passed","time":{"start":1691658187063,"stop":1691658187064,"duration":1},"flaky":false,"newFailed":false,"newPassed":false,"newBroken":false,"retriesCount":1,"retriesStatusChange":false,"parameters":[],"tags":[]},{"name":"test_postalcode_from_locations_for_null","uid":"bb0a00ba9fd7e0af","parentUid":"902c53be0755ed2c5e3076a8d5ce2e49","status":"failed","time":{"start":1691658187065,"stop":1691658187066,"duration":1},"flaky":false,"newFailed":false,"newPassed":false,"newBroken":false,"retriesCount":1,"retriesStatusChange":false,"parameters":[],"tags":[]}],"uid":"902c53be0755ed2c5e3076a8d5ce2e49"},{"name":"test_db","children":[{"name":"TestCountries","children":[{"name":"test_countries_duplicates","uid":"e5a886e6974aae98","parentUid":"18f9130f9f8f3cdfa1bb1b87236c872c","status":"passed","time":{"start":1691711828647,"stop":1691711828666,"duration":19},"flaky":false,"newFailed":false,"newPassed":false,"newBroken":false,"retriesCount":0,"retriesStatusChange":false,"parameters":[],"tags":[]},{"name":"test_countries_rows_amount","uid":"3f60147cf2488c74","parentUid":"18f9130f9f8f3cdfa1bb1b87236c872c","status":"passed","time":{"start":1691711828668,"stop":1691711828672,"duration":4},"flaky":false,"newFailed":false,"newPassed":false,"newBroken":false,"retriesCount":0,"retriesStatusChange":false,"parameters":[],"tags":[]}],"uid":"18f9130f9f8f3cdfa1bb1b87236c872c"},{"name":"TestEmployees","children":[{"name":"test_avg_salary_from_employees","uid":"6961e16446f23aa6","parentUid":"a4b908a4f46b1ba58b69f180ec481a44","status":"passed","time":{"start":1691711828675,"stop":1691711828676,"duration":1},"flaky":false,"newFailed":false,"newPassed":false,"newBroken":false,"retriesCount":0,"retriesStatusChange":false,"parameters":[],"tags":[]},{"name":"test_hiredate_from_employees","uid":"b4a52cc70c8955f2","parentUid":"a4b908a4f46b1ba58b69f180ec481a44","status":"passed","time":{"start":1691711828677,"stop":1691711828677,"duration":0},"flaky":false,"newFailed":false,"newPassed":false,"newBroken":false,"retriesCount":0,"retriesStatusChange":false,"parameters":[],"tags":[]}],"uid":"a4b908a4f46b1ba58b69f180ec481a44"},{"name":"TestLocations","children":[{"name":"test_max_locid_from_locations","uid":"44def02313f03f04","parentUid":"6a6c9378ef88f211c796c79be3db9119","status":"passed","time":{"start":1691711828678,"stop":1691711828679,"duration":1},"flaky":false,"newFailed":false,"newPassed":false,"newBroken":false,"retriesCount":0,"retriesStatusChange":false,"parameters":[],"tags":[]},{"name":"test_postalcode_from_locations_for_null","uid":"8ffdf1e966e7c6ae","parentUid":"6a6c9378ef88f211c796c79be3db9119","status":"failed","time":{"start":1691711828680,"stop":1691711828681,"duration":1},"flaky":false,"newFailed":false,"newPassed":false,"newBroken":false,"retriesCount":0,"retriesStatusChange":false,"parameters":[],"tags":[]}],"uid":"6a6c9378ef88f211c796c79be3db9119"}],"uid":"42dd54f4ad168616cf3076a39ab3dfd1"}]}