{"uid":"ab17fc5a4eb3bca4b216b548c7f9fcbc","name":"timeline","children":[{"name":"EPPLWROW03C4","children":[{"name":"8404-MainThread","children":[{"name":"test_avg_salary_from_employees","uid":"a9cfcb8ccce62b8","parentUid":"790842acd3208b761a3c1a7b0d91f233","status":"passed","time":{"start":1691658187059,"stop":1691658187060,"duration":1},"flaky":false,"newFailed":false,"newPassed":false,"newBroken":false,"retriesCount":1,"retriesStatusChange":false,"parameters":[],"tags":[]},{"name":"test_countries_duplicates","uid":"938dc296216493b7","parentUid":"790842acd3208b761a3c1a7b0d91f233","status":"passed","time":{"start":1691658186887,"stop":1691658186972,"duration":85},"flaky":false,"newFailed":false,"newPassed":false,"newBroken":false,"retriesCount":0,"retriesStatusChange":false,"parameters":[],"tags":[]},{"name":"test_countries_rows_amount","uid":"4f82d700c6c572c","parentUid":"790842acd3208b761a3c1a7b0d91f233","status":"passed","time":{"start":1691658186975,"stop":1691658186994,"duration":19},"flaky":false,"newFailed":false,"newPassed":false,"newBroken":false,"retriesCount":0,"retriesStatusChange":false,"parameters":[],"tags":[]},{"name":"test_hiredate_from_employees","uid":"6cb0debcba6b7e7a","parentUid":"790842acd3208b761a3c1a7b0d91f233","status":"passed","time":{"start":1691658187061,"stop":1691658187062,"duration":1},"flaky":false,"newFailed":false,"newPassed":false,"newBroken":false,"retriesCount":1,"retriesStatusChange":false,"parameters":[],"tags":[]},{"name":"test_max_locid_from_locations","uid":"74f50aa1e4f34b4c","parentUid":"790842acd3208b761a3c1a7b0d91f233","status":"passed","time":{"start":1691658187063,"stop":1691658187064,"duration":1},"flaky":false,"newFailed":false,"newPassed":false,"newBroken":false,"retriesCount":1,"retriesStatusChange":false,"parameters":[],"tags":[]},{"name":"test_postalcode_from_locations_for_null","uid":"bb0a00ba9fd7e0af","parentUid":"790842acd3208b761a3c1a7b0d91f233","status":"failed","time":{"start":1691658187065,"stop":1691658187066,"duration":1},"flaky":false,"newFailed":false,"newPassed":false,"newBroken":false,"retriesCount":1,"retriesStatusChange":false,"parameters":[],"tags":[]},{"name":"test_hiredate_from_employees","uid":"6e58fa1fc4df1d39","parentUid":"790842acd3208b761a3c1a7b0d91f233","status":"passed","time":{"start":1691658187004,"stop":1691658187005,"duration":1},"flaky":false,"newFailed":false,"newPassed":false,"newBroken":false,"retriesCount":0,"retriesStatusChange":false,"parameters":[],"tags":[]},{"name":"test_postalcode_from_locations_for_null","uid":"5934b804c739714e","parentUid":"790842acd3208b761a3c1a7b0d91f233","status":"failed","time":{"start":1691658187008,"stop":1691658187009,"duration":1},"flaky":false,"newFailed":false,"newPassed":false,"newBroken":false,"retriesCount":0,"retriesStatusChange":false,"parameters":[],"tags":[]},{"name":"test_avg_salary_from_employees","uid":"abc365b03b352507","parentUid":"790842acd3208b761a3c1a7b0d91f233","status":"passed","time":{"start":1691658186998,"stop":1691658187001,"duration":3},"flaky":false,"newFailed":false,"newPassed":false,"newBroken":false,"retriesCount":0,"retriesStatusChange":false,"parameters":[],"tags":[]},{"name":"test_countries_duplicates","uid":"eb515339ffb9d52c","parentUid":"790842acd3208b761a3c1a7b0d91f233","status":"passed","time":{"start":1691658187052,"stop":1691658187053,"duration":1},"flaky":false,"newFailed":false,"newPassed":false,"newBroken":false,"retriesCount":1,"retriesStatusChange":false,"parameters":[],"tags":[]},{"name":"test_max_locid_from_locations","uid":"a776db3418b02456","parentUid":"790842acd3208b761a3c1a7b0d91f233","status":"passed","time":{"start":1691658187006,"stop":1691658187007,"duration":1},"flaky":false,"newFailed":false,"newPassed":false,"newBroken":false,"retriesCount":0,"retriesStatusChange":false,"parameters":[],"tags":[]},{"name":"test_countries_rows_amount","uid":"7deb935e32cbff0c","parentUid":"790842acd3208b761a3c1a7b0d91f233","status":"passed","time":{"start":1691658187054,"stop":1691658187057,"duration":3},"flaky":false,"newFailed":false,"newPassed":false,"newBroken":false,"retriesCount":1,"retriesStatusChange":false,"parameters":[],"tags":[]}],"uid":"790842acd3208b761a3c1a7b0d91f233"},{"name":"11488-MainThread","children":[{"name":"test_hiredate_from_employees","uid":"b4a52cc70c8955f2","parentUid":"7b2a2b91b803f70c6291db57a18d2bd2","status":"passed","time":{"start":1691711828677,"stop":1691711828677,"duration":0},"flaky":false,"newFailed":false,"newPassed":false,"newBroken":false,"retriesCount":0,"retriesStatusChange":false,"parameters":[],"tags":[]},{"name":"test_max_locid_from_locations","uid":"44def02313f03f04","parentUid":"7b2a2b91b803f70c6291db57a18d2bd2","status":"passed","time":{"start":1691711828678,"stop":1691711828679,"duration":1},"flaky":false,"newFailed":false,"newPassed":false,"newBroken":false,"retriesCount":0,"retriesStatusChange":false,"parameters":[],"tags":[]},{"name":"test_postalcode_from_locations_for_null","uid":"8ffdf1e966e7c6ae","parentUid":"7b2a2b91b803f70c6291db57a18d2bd2","status":"failed","time":{"start":1691711828680,"stop":1691711828681,"duration":1},"flaky":false,"newFailed":false,"newPassed":false,"newBroken":false,"retriesCount":0,"retriesStatusChange":false,"parameters":[],"tags":[]},{"name":"test_countries_rows_amount","uid":"3f60147cf2488c74","parentUid":"7b2a2b91b803f70c6291db57a18d2bd2","status":"passed","time":{"start":1691711828668,"stop":1691711828672,"duration":4},"flaky":false,"newFailed":false,"newPassed":false,"newBroken":false,"retriesCount":0,"retriesStatusChange":false,"parameters":[],"tags":[]},{"name":"test_countries_duplicates","uid":"e5a886e6974aae98","parentUid":"7b2a2b91b803f70c6291db57a18d2bd2","status":"passed","time":{"start":1691711828647,"stop":1691711828666,"duration":19},"flaky":false,"newFailed":false,"newPassed":false,"newBroken":false,"retriesCount":0,"retriesStatusChange":false,"parameters":[],"tags":[]},{"name":"test_avg_salary_from_employees","uid":"6961e16446f23aa6","parentUid":"7b2a2b91b803f70c6291db57a18d2bd2","status":"passed","time":{"start":1691711828675,"stop":1691711828676,"duration":1},"flaky":false,"newFailed":false,"newPassed":false,"newBroken":false,"retriesCount":0,"retriesStatusChange":false,"parameters":[],"tags":[]}],"uid":"7b2a2b91b803f70c6291db57a18d2bd2"}],"uid":"22640dd43b1c66cf35f3ddc2365121bc"}]}