{"35679423a90eb242b13410701d92628f":{"statistic":{"failed":1,"broken":0,"skipped":0,"passed":0,"unknown":0,"total":1},"items":[{"uid":"8ffdf1e966e7c6ae","status":"failed","statusDetails":"AssertionError: assert 1 == 0\n +  where 1 = len([(None,)])","time":{"start":1691711828680,"stop":1691711828681,"duration":1}}]},"f5a4b9924a16d8bd6fc14f8e491f6e5e":{"statistic":{"failed":0,"broken":0,"skipped":0,"passed":1,"unknown":0,"total":1},"items":[{"uid":"6961e16446f23aa6","status":"passed","time":{"start":1691711828675,"stop":1691711828676,"duration":1}}]},"611e68f1fed7777f459a26aa898cd03a":{"statistic":{"failed":0,"broken":0,"skipped":0,"passed":1,"unknown":0,"total":1},"items":[{"uid":"7deb935e32cbff0c","status":"passed","time":{"start":1691658187054,"stop":1691658187057,"duration":3}}]},"72eaac9e66f53166feec1acdf45415a5":{"statistic":{"failed":0,"broken":0,"skipped":0,"passed":1,"unknown":0,"total":1},"items":[{"uid":"e5a886e6974aae98","status":"passed","time":{"start":1691711828647,"stop":1691711828666,"duration":19}}]},"4daeefe70fbc76ba93c12171bf6bf0ca":{"statistic":{"failed":0,"broken":0,"skipped":0,"passed":1,"unknown":0,"total":1},"items":[{"uid":"3f60147cf2488c74","status":"passed","time":{"start":1691711828668,"stop":1691711828672,"duration":4}}]},"6dbd9cf80adf56941627b0ef1745b878":{"statistic":{"failed":0,"broken":0,"skipped":0,"passed":1,"unknown":0,"total":1},"items":[{"uid":"74f50aa1e4f34b4c","status":"passed","time":{"start":1691658187063,"stop":1691658187064,"duration":1}}]},"eff20a5de4b4db9c17119b629b798dee":{"statistic":{"failed":0,"broken":0,"skipped":0,"passed":1,"unknown":0,"total":1},"items":[{"uid":"44def02313f03f04","status":"passed","time":{"start":1691711828678,"stop":1691711828679,"duration":1}}]},"a6af38906051074ea900d020d2c2b225":{"statistic":{"failed":0,"broken":0,"skipped":0,"passed":1,"unknown":0,"total":1},"items":[{"uid":"a9cfcb8ccce62b8","status":"passed","time":{"start":1691658187059,"stop":1691658187060,"duration":1}}]},"02f19ff426e5ad9ba09978127f227296":{"statistic":{"failed":0,"broken":0,"skipped":0,"passed":1,"unknown":0,"total":1},"items":[{"uid":"eb515339ffb9d52c","status":"passed","time":{"start":1691658187052,"stop":1691658187053,"duration":1}}]},"6a529ed0fe80936b2b31bb8d262d1acf":{"statistic":{"failed":1,"broken":0,"skipped":0,"passed":0,"unknown":0,"total":1},"items":[{"uid":"bb0a00ba9fd7e0af","status":"failed","statusDetails":"AssertionError: assert 1 == 0\n +  where 1 = len([(None,)])","time":{"start":1691658187065,"stop":1691658187066,"duration":1}}]},"b0f3644dcce1d2b0789661ba16fa9d8e":{"statistic":{"failed":0,"broken":0,"skipped":0,"passed":1,"unknown":0,"total":1},"items":[{"uid":"6cb0debcba6b7e7a","status":"passed","time":{"start":1691658187061,"stop":1691658187062,"duration":1}}]},"315a91684b50fec9e5af880d5ded9ce1":{"statistic":{"failed":0,"broken":0,"skipped":0,"passed":1,"unknown":0,"total":1},"items":[{"uid":"b4a52cc70c8955f2","status":"passed","time":{"start":1691711828677,"stop":1691711828677,"duration":0}}]}}